{
  "project_info": {
    "project_number": "186410691200",
    "project_id": "quotesandmore-7f276",
    "storage_bucket": "quotesandmore-7f276.appspot.com"
  },
  "client": [
    {
      "client_info": {
        "mobilesdk_app_id": "1:186410691200:android:619ebbd03731d842131465",
        "android_client_info": {
          "package_name": "com.example.quotesmore"
        }
      },
      "oauth_client": [
        {
          "client_id": "186410691200-km01hpi9co7ul6903l5tu4ukd3t32l2f.apps.googleusercontent.com",
          "client_type": 1,
          "android_info": {
            "package_name": "com.example.quotesmore",
            "certificate_hash": "5e84b194316acb5ec63954f66e10a2c9f88f8a0b"
          }
        },
        {
          "client_id": "186410691200-np560senb0c5j864heiled3ea23tcf6h.apps.googleusercontent.com",
          "client_type": 3
        }
      ],
      "api_key": [
        {
          "current_key": "AIzaSyAb3aRM7vxvou7ZsDDEooXuKwR8BND90Ok"
        }
      ],
      "services": {
        "appinvite_service": {
          "other_platform_oauth_client": [
            {
              "client_id": "186410691200-np560senb0c5j864heiled3ea23tcf6h.apps.googleusercontent.com",
              "client_type": 3
            }
          ]
        }
      }
    }
  ],
  "configuration_version": "1"
}